Workbook
Name Invoices: WORK_Invoice_Log!$A$1:$L$7
Name Slicer_Doc_Type: #N/A
Name Slicer_Priority: #N/A

Sheet DATA_Vendors
A1: Vendor Code | B1: Company | C1: Terms (Days) | D1: VAT Registered?
A2: TCH-001 | B2: Samsung South Africa | C2: 30 | D2: Yes
A3: TCH-002 | B3: Dell Technologies | C3: 15 | D3: Yes
A4: TCH-003 | B4: Local PC Parts | C4: 0 | D4: No

Sheet WORK_Invoice_Log
A1: Date | B1: Doc Type | C1: Vendor Code | D1: Company | E1: Reference | F1: Excl VAT | G1: VAT (15%) | H1: Total | I1: Due Date | J1: Rec Status | K1: Days Overdue | L1: Priority | M1: Vat Reg?
A2: 46143 | B2: Invoice | C2: TCH-001 | D2: =_xlfn.XLOOKUP(C2, DATA_Vendors!A:A, DATA_Vendors!B:B) -> Samsung South Africa | E2: S-990 | F2: 50000 | G2: =IF(_xlfn.XLOOKUP(C2, DATA_Vendors!A:A, DATA_Vendors!D:D) = "Yes", F2*0.15, 0) -> 7500 | H2: =F2 + G2 -> 57500 | I2: =A2 + _xlfn.XLOOKUP(C2, DATA_Vendors!A:A, DATA_Vendors!C:C) -> 46173 | J2: =_xlfn.XLOOKUP(Table1[[#This Row],[Reference]], EXT_Statement!A:A, EXT_Statement!B:B, "NOT ON STATEMENT") -> 57500 | K2: =IF(ISBLANK(Table1[[#This Row],[Date]]), 0, TODAY() - Table1[[#This Row],[Date]]) -> 1 | L2: =IF(Table1[[#This Row],[Days Overdue]] > 30, "URGENT", "Within Terms") -> Within Terms | M2: =_xlfn.XLOOKUP(Table1[[#This Row],[Vendor Code]], DATA_Vendors!A:A, DATA_Vendors!D:D) -> Yes
A3: 46144 | B3: Invoice | C3: TCH-002 | D3: =_xlfn.XLOOKUP(C3, DATA_Vendors!A:A, DATA_Vendors!B:B) -> Dell Technologies | E3: D-112 | F3: 12000 | G3: =IF(_xlfn.XLOOKUP(C3, DATA_Vendors!A:A, DATA_Vendors!D:D) = "Yes", F3*0.15, 0) -> 1800 | H3: =F3 + G3 -> 13800 | I3: =A3 + _xlfn.XLOOKUP(C3, DATA_Vendors!A:A, DATA_Vendors!C:C) -> 46159 | J3: =_xlfn.XLOOKUP(Table1[[#This Row],[Reference]], EXT_Statement!A:A, EXT_Statement!B:B, "NOT ON STATEMENT") -> NOT ON STATEMENT | K3: =IF(ISBLANK(Table1[[#This Row],[Date]]), 0, TODAY() - Table1[[#This Row],[Date]]) -> 0 | L3: =IF(Table1[[#This Row],[Days Overdue]] > 30, "URGENT", "Within Terms") -> Within Terms | M3: =_xlfn.XLOOKUP(Table1[[#This Row],[Vendor Code]], DATA_Vendors!A:A, DATA_Vendors!D:D) -> Yes
A4: 46145 | B4: Credit Note | C4: TCH-001 | D4: =_xlfn.XLOOKUP(C4, DATA_Vendors!A:A, DATA_Vendors!B:B) -> Samsung South Africa | E4: CR-50 | F4: -5000 | G4: =IF(_xlfn.XLOOKUP(C4, DATA_Vendors!A:A, DATA_Vendors!D:D) = "Yes", F4*0.15, 0) -> -750 | H4: =F4 + G4 -> -5750 | I4: =A4 + _xlfn.XLOOKUP(C4, DATA_Vendors!A:A, DATA_Vendors!C:C) -> 46175 | J4: =_xlfn.XLOOKUP(Table1[[#This Row],[Reference]], EXT_Statement!A:A, EXT_Statement!B:B, "NOT ON STATEMENT") -> -5750 | K4: =IF(ISBLANK(Table1[[#This Row],[Date]]), 0, TODAY() - Table1[[#This Row],[Date]]) -> -1 | L4: =IF(Table1[[#This Row],[Days Overdue]] > 30, "URGENT", "Within Terms") -> Within Terms | M4: =_xlfn.XLOOKUP(Table1[[#This Row],[Vendor Code]], DATA_Vendors!A:A, DATA_Vendors!D:D) -> Yes
A5: 46146 | B5: Invoice | C5: TCH-003 | D5: =_xlfn.XLOOKUP(C5, DATA_Vendors!A:A, DATA_Vendors!B:B) -> Local PC Parts | E5: LPC-01 | F5: 2000 | G5: =IF(_xlfn.XLOOKUP(C5, DATA_Vendors!A:A, DATA_Vendors!D:D) = "Yes", F5*0.15, 0) -> 0 | H5: =F5 + G5 -> 2000 | I5: =A5 + _xlfn.XLOOKUP(C5, DATA_Vendors!A:A, DATA_Vendors!C:C) -> 46146 | J5: =_xlfn.XLOOKUP(Table1[[#This Row],[Reference]], EXT_Statement!A:A, EXT_Statement!B:B, "NOT ON STATEMENT") -> NOT ON STATEMENT | K5: =IF(ISBLANK(Table1[[#This Row],[Date]]), 0, TODAY() - Table1[[#This Row],[Date]]) -> -2 | L5: =IF(Table1[[#This Row],[Days Overdue]] > 30, "URGENT", "Within Terms") -> Within Terms | M5: =_xlfn.XLOOKUP(Table1[[#This Row],[Vendor Code]], DATA_Vendors!A:A, DATA_Vendors!D:D) -> No
A6: 46147 | B6: Invoice | C6: TCH-001 | D6: =_xlfn.XLOOKUP(C6, DATA_Vendors!A:A, DATA_Vendors!B:B) -> Samsung South Africa | E6: S-1002 | F6: 8500 | G6: =IF(_xlfn.XLOOKUP(C6, DATA_Vendors!A:A, DATA_Vendors!D:D) = "Yes", F6*0.15, 0) -> 1275 | H6: =F6 + G6 -> 9775 | I6: =A6 + _xlfn.XLOOKUP(C6, DATA_Vendors!A:A, DATA_Vendors!C:C) -> 46177 | J6: =_xlfn.XLOOKUP(Table1[[#This Row],[Reference]], EXT_Statement!A:A, EXT_Statement!B:B, "NOT ON STATEMENT") -> 9775 | K6: =IF(ISBLANK(Table1[[#This Row],[Date]]), 0, TODAY() - Table1[[#This Row],[Date]]) -> -3 | L6: =IF(Table1[[#This Row],[Days Overdue]] > 30, "URGENT", "Within Terms") -> Within Terms | M6: =_xlfn.XLOOKUP(Table1[[#This Row],[Vendor Code]], DATA_Vendors!A:A, DATA_Vendors!D:D) -> Yes
D7: =_xlfn.XLOOKUP(C7, DATA_Vendors!A:A, DATA_Vendors!B:B) -> 0 | E7: S-1010 | G7: =IF(_xlfn.XLOOKUP(C7, DATA_Vendors!A:A, DATA_Vendors!D:D) = "Yes", F7*0.15, 0) -> 0 | H7: =F7 + G7 -> 0 | I7: =A7 + _xlfn.XLOOKUP(C7, DATA_Vendors!A:A, DATA_Vendors!C:C) -> 0 | J7: =_xlfn.XLOOKUP(Table1[[#This Row],[Reference]], EXT_Statement!A:A, EXT_Statement!B:B, "NOT ON STATEMENT") -> 2300 | K7: =IF(ISBLANK(Table1[[#This Row],[Date]]), 0, TODAY() - Table1[[#This Row],[Date]]) -> 0 | L7: =IF(Table1[[#This Row],[Days Overdue]] > 30, "URGENT", "Within Terms") -> Within Terms | M7: =_xlfn.XLOOKUP(Table1[[#This Row],[Vendor Code]], DATA_Vendors!A:A, DATA_Vendors!D:D) -> 0

Sheet EXT_Statement
A1: Reference | B1: Statement Amount
A2: S-990 | B2: 57500
A3: CR-50 | B3: -5750
A4: S-1002 | B4: 9775
A5: S-1010 | B5: 2300

Sheet FIN_Dashboard
A1: Doc Type | B1: (Multiple Items) | D1: SARS Input VAT Summary (May 2026)
D2: =SUMIFS(Table1[VAT (15%)],Table1[Vat Reg?], "Yes") -> 9825
A3: Row Labels | B3: Total Outstanding (ZAR)
A4: Dell Technologies | B4: 13800
A5: Local PC Parts | B5: 2000
A6: Samsung South Africa | B6: 61525
A7: Grand Total | B7: 77325
